{
  "0": {
    "precision": 0.84,
    "recall": 0.7682926829268293,
    "f1-score": 0.802547770700637,
    "support": 82.0
  },
  "1": {
    "precision": 0.8256880733944955,
    "recall": 0.8823529411764706,
    "f1-score": 0.8530805687203792,
    "support": 102.0
  },
  "accuracy": 0.8315217391304348,
  "macro avg": {
    "precision": 0.8328440366972477,
    "recall": 0.8253228120516499,
    "f1-score": 0.8278141697105081,
    "support": 184.0
  },
  "weighted avg": {
    "precision": 0.8320662145991224,
    "recall": 0.8315217391304348,
    "f1-score": 0.8305605174289724,
    "support": 184.0
  }
}