{
  "0": {
    "precision": 0.90625,
    "recall": 0.8787878787878788,
    "f1-score": 0.8923076923076924,
    "support": 33.0
  },
  "1": {
    "precision": 0.8620689655172413,
    "recall": 0.8928571428571429,
    "f1-score": 0.8771929824561403,
    "support": 28.0
  },
  "accuracy": 0.8852459016393442,
  "macro avg": {
    "precision": 0.8841594827586207,
    "recall": 0.8858225108225108,
    "f1-score": 0.8847503373819163,
    "support": 61.0
  },
  "weighted avg": {
    "precision": 0.88597018089316,
    "recall": 0.8852459016393442,
    "f1-score": 0.8853697927037013,
    "support": 61.0
  }
}