{
  "0": {
    "precision": 0.9333333333333333,
    "recall": 0.8484848484848485,
    "f1-score": 0.8888888888888888,
    "support": 33.0
  },
  "1": {
    "precision": 0.8387096774193549,
    "recall": 0.9285714285714286,
    "f1-score": 0.8813559322033898,
    "support": 28.0
  },
  "accuracy": 0.8852459016393442,
  "macro avg": {
    "precision": 0.886021505376344,
    "recall": 0.8885281385281385,
    "f1-score": 0.8851224105461393,
    "support": 61.0
  },
  "weighted avg": {
    "precision": 0.8898995240613432,
    "recall": 0.8852459016393442,
    "f1-score": 0.8854311382791517,
    "support": 61.0
  }
}