{
  "0": {
    "precision": 0.8205128205128205,
    "recall": 0.7804878048780488,
    "f1-score": 0.8,
    "support": 82.0
  },
  "1": {
    "precision": 0.8301886792452831,
    "recall": 0.8627450980392157,
    "f1-score": 0.8461538461538461,
    "support": 102.0
  },
  "accuracy": 0.8260869565217391,
  "macro avg": {
    "precision": 0.8253507498790518,
    "recall": 0.8216164514586323,
    "f1-score": 0.823076923076923,
    "support": 184.0
  },
  "weighted avg": {
    "precision": 0.8258766117666856,
    "recall": 0.8260869565217391,
    "f1-score": 0.8255852842809365,
    "support": 184.0
  }
}