{
  "0": {
    "precision": 0.8533333333333334,
    "recall": 0.7804878048780488,
    "f1-score": 0.8152866242038217,
    "support": 82.0
  },
  "1": {
    "precision": 0.8348623853211009,
    "recall": 0.8921568627450981,
    "f1-score": 0.8625592417061612,
    "support": 102.0
  },
  "accuracy": 0.842391304347826,
  "macro avg": {
    "precision": 0.8440978593272171,
    "recall": 0.8363223338115735,
    "f1-score": 0.8389229329549914,
    "support": 184.0
  },
  "weighted avg": {
    "precision": 0.8430940034569873,
    "recall": 0.842391304347826,
    "f1-score": 0.8414920969496837,
    "support": 184.0
  }
}